<?xml version="1.0" encoding="UTF-8"?>
<GenRun Id="synth_1" LaunchPart="xc7z007sclg400-1" LaunchTime="1771960669">
  <File Type="PA-TCL" Name="Top_Level.tcl"/>
  <File Type="RDS-PROPCONSTRS" Name="Top_Level_drc_synth.rpt"/>
  <File Type="REPORTS-TCL" Name="Top_Level_reports.tcl"/>
  <File Type="RDS-RDS" Name="Top_Level.vds"/>
  <File Type="RDS-UTIL" Name="Top_Level_utilization_synth.rpt"/>
  <File Type="RDS-UTIL-PB" Name="Top_Level_utilization_synth.pb"/>
  <File Type="RDS-DCP" Name="Top_Level.dcp"/>
  <File Type="VDS-TIMINGSUMMARY" Name="Top_Level_timing_summary_synth.rpt"/>
  <File Type="VDS-TIMING-PB" Name="Top_Level_timing_summary_synth.pb"/>
  <FileSet Name="sources" Type="DesignSrcs" RelSrcDir="$PSRCDIR/sources_1">
    <Filter Type="Srcs"/>
    <File Path="$PSRCDIR/sources_1/imports/Project 3/2-24/EE316_Project3/EE316_Project3/EE316_Project3.srcs/sources_1/new/DeMUX.vhd">
      <FileInfo>
        <Attr Name="ImportPath" Val="$PPRDIR/../../2-24/EE316_Project3/EE316_Project3/EE316_Project3.srcs/sources_1/new/DeMUX.vhd"/>
        <Attr Name="ImportTime" Val="1771954267"/>
        <Attr Name="UsedIn" Val="synthesis"/>
        <Attr Name="UsedIn" Val="simulation"/>
      </FileInfo>
    </File>
    <File Path="$PSRCDIR/sources_1/new/ModeSM_P3.vhd">
      <FileInfo>
        <Attr Name="ImportPath" Val="$PPRDIR/../../2-24.2/EE316_Project3-main/EE316_Project3-main/EE316_Project3/EE316_Project3.srcs/sources_1/new/ModeSM_P3.vhd"/>
        <Attr Name="ImportTime" Val="1771955592"/>
        <Attr Name="UsedIn" Val="synthesis"/>
        <Attr Name="UsedIn" Val="simulation"/>
      </FileInfo>
    </File>
    <File Path="$PSRCDIR/sources_1/imports/Project 3/2-24.2/EE316_Project3-main/EE316_Project3-main/EE316_Project3/Reset_Delay.vhd">
      <FileInfo>
        <Attr Name="ImportPath" Val="$PPRDIR/../../2-24.2/EE316_Project3-main/EE316_Project3-main/EE316_Project3/Reset_Delay.vhd"/>
        <Attr Name="ImportTime" Val="1771955585"/>
        <Attr Name="UsedIn" Val="synthesis"/>
        <Attr Name="UsedIn" Val="simulation"/>
      </FileInfo>
    </File>
    <File Path="$PSRCDIR/sources_1/imports/Project 3/2-24.2/EE316_Project3-main/EE316_Project3-main/EE316_Project3/btn_debounce.vhd">
      <FileInfo>
        <Attr Name="ImportPath" Val="$PPRDIR/../../2-24.2/EE316_Project3-main/EE316_Project3-main/EE316_Project3/btn_debounce.vhd"/>
        <Attr Name="ImportTime" Val="1771955585"/>
        <Attr Name="UsedIn" Val="synthesis"/>
        <Attr Name="UsedIn" Val="simulation"/>
      </FileInfo>
    </File>
    <File Path="$PSRCDIR/sources_1/imports/Project 3/2-24/EE316_Project3/EE316_Project3/EE316_Project3.srcs/sources_1/new/clock_gen.vhd">
      <FileInfo>
        <Attr Name="ImportPath" Val="$PPRDIR/../../2-24/EE316_Project3/EE316_Project3/EE316_Project3.srcs/sources_1/new/clock_gen.vhd"/>
        <Attr Name="ImportTime" Val="1771954267"/>
        <Attr Name="UsedIn" Val="synthesis"/>
        <Attr Name="UsedIn" Val="simulation"/>
      </FileInfo>
    </File>
    <File Path="$PSRCDIR/sources_1/imports/Project 3/2-17/EE316_Project3-main3/EE316_Project3-main/EE316_Project3/i2c_master.vhd">
      <FileInfo>
        <Attr Name="ImportPath" Val="$PPRDIR/../../2-17/EE316_Project3-main3/EE316_Project3-main/EE316_Project3/i2c_master.vhd"/>
        <Attr Name="ImportTime" Val="1771357785"/>
        <Attr Name="UsedIn" Val="synthesis"/>
        <Attr Name="UsedIn" Val="simulation"/>
      </FileInfo>
    </File>
    <File Path="$PSRCDIR/sources_1/imports/Project 3/2-17/EE316_Project3-main3/EE316_Project3-main/EE316_Project3/i2c_user_logic.vhd">
      <FileInfo>
        <Attr Name="ImportPath" Val="$PPRDIR/../../2-17/EE316_Project3-main3/EE316_Project3-main/EE316_Project3/i2c_user_logic.vhd"/>
        <Attr Name="ImportTime" Val="1771357785"/>
        <Attr Name="UsedIn" Val="synthesis"/>
        <Attr Name="UsedIn" Val="simulation"/>
      </FileInfo>
    </File>
    <File Path="$PSRCDIR/sources_1/imports/Project 3/2-24/EE316_Project3/EE316_Project3/pwm.vhd">
      <FileInfo>
        <Attr Name="ImportPath" Val="$PPRDIR/../../2-24/EE316_Project3/EE316_Project3/pwm.vhd"/>
        <Attr Name="ImportTime" Val="1771954258"/>
        <Attr Name="UsedIn" Val="synthesis"/>
        <Attr Name="UsedIn" Val="simulation"/>
      </FileInfo>
    </File>
    <File Path="$PSRCDIR/sources_1/new/Top_Level.vhd">
      <FileInfo>
        <Attr Name="ImportPath" Val="$PPRDIR/../../2-24.2/EE316_Project3-main/EE316_Project3-main/EE316_Project3/EE316_Project3.srcs/sources_1/new/Top_Level.vhd"/>
        <Attr Name="ImportTime" Val="1771957350"/>
        <Attr Name="UsedIn" Val="synthesis"/>
        <Attr Name="UsedIn" Val="simulation"/>
      </FileInfo>
    </File>
    <File Path="$PSRCDIR/sources_1/new/JbJaTEST.vhd">
      <FileInfo>
        <Attr Name="AutoDisabled" Val="1"/>
        <Attr Name="ImportPath" Val="$PPRDIR/../../2-24.2/EE316_Project3-main/EE316_Project3-main/EE316_Project3/EE316_Project3.srcs/sources_1/new/JbJaTEST.vhd"/>
        <Attr Name="ImportTime" Val="1771955592"/>
        <Attr Name="UsedIn" Val="synthesis"/>
        <Attr Name="UsedIn" Val="simulation"/>
      </FileInfo>
    </File>
    <File Path="$PSRCDIR/sources_1/imports/Project 3/2-24.2/EE316_Project3-main/EE316_Project3-main/EE316_Project3/univ_bin_counter.vhd">
      <FileInfo>
        <Attr Name="AutoDisabled" Val="1"/>
        <Attr Name="ImportPath" Val="$PPRDIR/../../2-24.2/EE316_Project3-main/EE316_Project3-main/EE316_Project3/univ_bin_counter.vhd"/>
        <Attr Name="ImportTime" Val="1771955586"/>
        <Attr Name="UsedIn" Val="synthesis"/>
        <Attr Name="UsedIn" Val="simulation"/>
      </FileInfo>
    </File>
    <File Path="$PSRCDIR/sources_1/imports/Project 3/2-24.2/EE316_Project3-main/EE316_Project3-main/EE316_Project3/LCD_Controller.vhd">
      <FileInfo>
        <Attr Name="AutoDisabled" Val="1"/>
        <Attr Name="ImportPath" Val="$PPRDIR/../../2-24.2/EE316_Project3-main/EE316_Project3-main/EE316_Project3/LCD_Controller.vhd"/>
        <Attr Name="ImportTime" Val="1771955585"/>
        <Attr Name="UsedIn" Val="synthesis"/>
        <Attr Name="UsedIn" Val="simulation"/>
      </FileInfo>
    </File>
    <File Path="$PSRCDIR/sources_1/imports/2-24.3/i2cHtest.vhd">
      <FileInfo>
        <Attr Name="AutoDisabled" Val="1"/>
        <Attr Name="ImportPath" Val="$PPRDIR/../../2-24.3/i2cHtest.vhd"/>
        <Attr Name="ImportTime" Val="1771958524"/>
        <Attr Name="UsedIn" Val="synthesis"/>
        <Attr Name="UsedIn" Val="simulation"/>
      </FileInfo>
    </File>
    <Config>
      <Option Name="DesignMode" Val="RTL"/>
      <Option Name="TopModule" Val="Top_Level"/>
    </Config>
  </FileSet>
  <FileSet Name="constrs_in" Type="Constrs" RelSrcDir="$PSRCDIR/constrs_1">
    <Filter Type="Constrs"/>
    <File Path="$PSRCDIR/constrs_1/imports/EE316_Project3/Cora-Z7-07S-Master.xdc">
      <FileInfo>
        <Attr Name="ImportPath" Val="$PPRDIR/../../2-24.2/EE316_Project3-main/EE316_Project3-main/EE316_Project3/Cora-Z7-07S-Master.xdc"/>
        <Attr Name="ImportTime" Val="1771955585"/>
        <Attr Name="UsedIn" Val="synthesis"/>
        <Attr Name="UsedIn" Val="implementation"/>
      </FileInfo>
    </File>
    <Config>
      <Option Name="ConstrsType" Val="XDC"/>
    </Config>
  </FileSet>
  <FileSet Name="utils" Type="Utils" RelSrcDir="$PSRCDIR/utils_1">
    <Filter Type="Utils"/>
    <Config>
      <Option Name="TopAutoSet" Val="TRUE"/>
    </Config>
  </FileSet>
  <Strategy Version="1" Minor="2">
    <StratHandle Name="Vivado Synthesis Defaults" Flow="Vivado Synthesis 2019"/>
    <Step Id="synth_design"/>
  </Strategy>
</GenRun>
